School,W,L,S,Kills,Errors,Total Attacks,Pct,Assists,Digs,Aces,Block Solos,Block Assists,TB,Opp Kills,Opp Errors,Opp Attacks,Opp Pct
Penn St.,33,2,123,1753,452,3843,0.339,1631,1620,169,92,566,375,1445,750,4058,0.171
Nebraska,32,4,125,1777,575,4267,0.282,1632,1904,184,61,479,300.5,1368,701,4335,0.154
Western Ky.,31,4,120,1705,469,3728,0.332,1578,1601,165,71,409,275.5,1347,663,3879,0.176
Austin Peay,30,6,132,1834,678,4906,0.236,1731,2256,199,92,314,249,1598,700,4857,0.185
BYU,30,3,118,1613,529,3993,0.271,1503,1584,148,45,589,339.5,1431,738,4070,0.17
Florida,30,2,116,1593,480,3998,0.278,1502,1826,152,38,603,339.5,1315,712,4191,0.144
North Dakota,30,8,138,1851,632,5239,0.233,1739,2530,134,88,569,372.5,1794,882,5628,0.162
Stanford,30,4,119,1713,488,3842,0.319,1609,1484,177,41,637,359.5,1364,681,3808,0.179
VCU,30,3,116,1459,580,3911,0.225,1370,1599,183,63,637,381.5,1332,800,4077,0.13
Colorado St.,29,4,116,1624,475,3638,0.316,1533,1444,168,62,542,333,1376,686,3800,0.182
Kentucky,29,4,119,1786,501,4035,0.318,1636,1594,136,49,481,289.5,1469,633,3982,0.21
North Texas,29,4,122,1800,543,4289,0.293,1671,1766,180,66,402,267,1472,659,4209,0.193
Wichita St.,29,4,111,1632,445,3940,0.301,1533,1899,96,36,506,289,1361,723,4247,0.15
Alabama St.,28,11,142,1769,728,4658,0.223,1616,1978,196,70,469,304.5,1531,819,4660,0.153
Minnesota,28,6,118,1733,509,4288,0.285,1623,1926,146,49,485,291.5,1581,678,4530,0.199
Missouri St.,28,6,127,1828,588,5028,0.247,1742,2443,135,56,355,233.5,1634,723,5090,0.179
Cal Poly,27,3,101,1522,432,3519,0.31,1420,1524,149,40,306,193,1206,533,3489,0.193
Central Ark.,27,5,117,1612,622,3986,0.248,1494,1647,175,67,429,281.5,1370,675,3947,0.176
Col. of Charleston,27,6,118,1666,598,4191,0.255,1550,1906,131,73,415,280.5,1366,693,4240,0.159
Texas,27,3,106,1480,364,3546,0.315,1369,1617,101,47,567,330.5,1304,676,3885,0.162
Towson,27,6,120,1709,702,4672,0.216,1625,2130,155,36,359,215.5,1399,677,4495,0.161
UMES,27,9,134,1626,545,4088,0.264,1493,1725,268,62,390,257,1381,767,4130,0.149
UNI,27,9,131,1997,702,5368,0.241,1857,2581,129,83,322,244,1615,696,5217,0.176
American,26,8,122,1656,509,4123,0.278,1542,1813,173,72,428,286,1466,703,4304,0.177
Creighton,26,7,118,1684,511,4209,0.279,1557,1909,152,37,422,248,1439,633,4284,0.188
Pittsburgh,26,7,117,1696,636,3905,0.271,1584,1545,167,40,445,262.5,1324,602,3764,0.192
Sacramento St.,26,10,146,1972,708,5732,0.221,1852,2507,197,74,506,327,1946,750,5601,0.214
SFA,26,8,122,1587,496,4308,0.253,1475,2019,186,28,498,277,1480,720,4526,0.168
Fairfield,25,7,112,1510,693,4030,0.203,1445,1851,159,38,354,215,1209,630,3941,0.147
Radford,25,5,109,1457,500,3841,0.249,1320,1721,166,36,357,214.5,1209,613,3800,0.157
San Diego,25,5,104,1552,587,3703,0.261,1468,1516,134,61,310,216,1194,524,3495,0.192
Southern California,25,10,136,1929,726,4801,0.251,1810,1946,167,54,443,275.5,1713,738,4667,0.209
Texas St.,25,10,126,1760,759,4771,0.21,1664,2210,140,54,420,264,1438,693,4647,0.16
Washington,25,8,121,1672,560,4291,0.259,1556,1820,193,52,618,361,1540,688,4323,0.197
Baylor,24,7,112,1630,578,3990,0.264,1526,1753,128,39,419,248.5,1235,616,3911,0.158
Colorado,24,10,128,1745,603,4603,0.248,1634,1911,132,60,499,309.5,1666,754,4645,0.196
High Point,24,8,114,1536,544,3989,0.249,1431,1763,194,71,308,225,1337,668,4042,0.166
Louisville,24,7,114,1546,611,4033,0.232,1444,1738,142,53,422,264,1310,631,3949,0.172
Michigan St.,24,9,113,1635,542,4035,0.271,1511,1687,199,42,429,256.5,1334,580,3853,0.196
UC Irvine,24,8,116,1560,597,3965,0.243,1452,1693,180,53,247,176.5,1314,558,3829,0.197
Utah,24,10,131,1886,696,4723,0.252,1786,2037,132,75,511,330.5,1671,732,4762,0.197
Butler,23,8,119,1620,554,4308,0.247,1484,1852,133,63,515,320.5,1474,709,4392,0.174
Dayton,23,8,108,1470,506,3748,0.257,1354,1567,189,25,465,257.5,1265,611,3749,0.174
Denver,23,6,102,1419,490,3666,0.253,1332,1661,155,32,408,236,1183,562,3622,0.171
Drake,23,10,121,1635,629,4935,0.204,1538,2314,121,21,402,222,1582,684,4968,0.181
Illinois,23,11,127,1710,546,4224,0.276,1587,1683,140,53,631,368.5,1687,748,4439,0.212
Jacksonville St.,23,13,142,1743,735,4892,0.206,1635,2146,129,59,500,309,1748,841,5112,0.177
James Madison,23,6,110,1409,515,3828,0.234,1296,1738,125,36,540,306,1306,713,4073,0.146
Miami (OH),23,9,120,1639,633,4828,0.208,1505,2231,124,92,294,239,1497,680,4654,0.176
Navy,23,8,114,1538,497,4196,0.248,1444,1862,162,93,316,251,1398,662,4267,0.172
Purdue,23,10,117,1670,545,3740,0.301,1549,1559,147,67,423,278.5,1443,626,3893,0.21
SIUE,23,7,119,1596,662,4318,0.216,1492,2073,152,66,353,242.5,1403,667,4418,0.167
Cleveland St.,22,8,117,1630,574,4204,0.251,1543,1853,126,45,418,254,1480,637,4310,0.196
East Carolina,22,11,124,1608,600,4380,0.23,1498,1986,120,59,434,276,1582,696,4529,0.196
FGCU,22,10,108,1515,510,3920,0.256,1425,1692,130,66,355,243.5,1314,621,3887,0.178
Georgia,22,12,116,1595,633,3961,0.243,1497,1625,182,26,354,203,1362,586,3845,0.202
Illinois St.,22,13,131,1818,710,5205,0.213,1705,2515,165,52,369,236.5,1545,753,5112,0.155
Iowa St.,22,7,102,1397,495,3807,0.237,1294,1773,115,50,513,306.5,1242,623,3910,0.158
Kansas,22,8,118,1653,577,4222,0.255,1554,1845,95,25,421,235.5,1502,629,4257,0.205
Marquette,22,10,116,1653,534,4172,0.268,1560,1831,162,31,401,231.5,1437,596,4170,0.202
Miami (FL),22,6,110,1499,574,3764,0.246,1420,1480,188,36,354,213,1284,550,3604,0.204
Missouri,22,12,131,1726,663,4361,0.244,1602,1792,140,104,547,377.5,1698,785,4599,0.199
Murray St.,22,9,117,1564,673,4517,0.197,1468,2041,185,40,220,150,1413,593,4284,0.191
Notre Dame,22,10,122,1503,582,4869,0.189,1396,2217,191,35,586,328,1539,776,4880,0.156
Ole Miss,22,14,138,1846,779,4963,0.215,1708,2238,143,101,386,294,1705,757,5035,0.188
Syracuse,22,14,131,1636,632,4334,0.232,1554,1923,154,83,548,357,1713,826,4831,0.184
Wisconsin,22,10,113,1593,486,3707,0.299,1525,1574,117,33,502,284,1334,646,3834,0.179
Wofford,22,11,125,1631,725,4277,0.212,1529,1859,160,41,338,210,1440,631,4252,0.19
Arkansas St.,21,12,122,1658,672,4498,0.219,1537,1881,147,121,280,261,1555,711,4424,0.191
Bryant,21,12,125,1609,733,4647,0.189,1499,1961,166,36,420,246,1459,678,4466,0.175
Furman,21,10,113,1493,615,4068,0.216,1406,1881,137,55,247,178.5,1399,602,4131,0.193
Houston Baptist,21,10,113,1514,604,4170,0.218,1416,1917,172,63,447,286.5,1315,660,4120,0.159
Kennesaw St.,21,5,89,1208,476,3186,0.23,1115,1385,96,43,327,206.5,1041,563,3197,0.15
Louisiana,21,11,121,1524,554,4494,0.216,1437,2064,116,118,370,303,1655,756,4785,0.188
Michigan,21,12,118,1644,606,4041,0.257,1533,1550,156,69,384,261,1529,598,3948,0.236
NC State,21,12,126,1768,694,4493,0.239,1667,1874,112,52,508,306,1580,670,4406,0.207
New Mexico St.,21,8,103,1436,550,3805,0.233,1358,1729,121,46,402,247,1144,628,3725,0.139
Oregon St.,21,12,121,1615,545,4538,0.236,1498,1929,148,70,432,286,1591,661,4508,0.206
Portland St.,21,9,106,1471,532,3956,0.237,1401,1740,143,50,364,232,1357,551,3994,0.202
Rice,21,9,123,1601,623,4486,0.218,1513,2052,115,81,442,302,1566,769,4686,0.17
SMU,21,11,121,1620,664,4682,0.204,1538,2170,125,59,452,285,1627,712,4821,0.19
UCLA,21,11,118,1641,589,4425,0.238,1545,2024,138,78,356,256,1467,624,4379,0.193
West Virginia,21,13,125,1620,684,4162,0.225,1542,1670,163,40,469,274.5,1492,700,4159,0.19
Campbell,20,12,113,1473,646,4064,0.203,1342,1842,169,49,248,173,1252,542,3873,0.183
Coastal Caro.,20,8,106,1408,517,3647,0.244,1316,1589,132,94,306,247,1260,594,3700,0.18
Hawaii,20,8,106,1432,471,3756,0.256,1327,1611,158,57,399,256.5,1164,574,3662,0.161
LIU Brooklyn,20,10,116,1472,637,4382,0.191,1384,2028,158,57,356,235,1402,656,4353,0.171
LSU,20,10,112,1492,598,3913,0.228,1407,1690,100,78,401,278.5,1393,633,3973,0.191
Southern Miss.,20,12,116,1600,705,3984,0.225,1507,1614,127,68,354,245,1323,617,3807,0.185
Temple,20,10,113,1546,522,4142,0.247,1455,1866,120,47,451,272.5,1444,634,4256,0.19
UCF,20,14,128,1682,607,4582,0.235,1587,2012,121,79,438,298,1666,764,4713,0.191
Arkansas,19,11,116,1578,617,4091,0.235,1507,1691,143,32,402,233,1397,583,3903,0.209
Ball St.,19,11,118,1528,615,4305,0.212,1428,1952,152,81,338,250,1493,681,4384,0.185
Central Conn. St.,19,8,110,1397,588,4172,0.194,1302,1868,129,48,495,295.5,1401,704,4285,0.163
Charlotte,19,12,117,1415,478,4029,0.233,1303,1787,128,65,595,362.5,1565,798,4431,0.173
CSU Bakersfield,19,14,119,1559,719,4487,0.187,1462,1959,176,46,384,238,1441,619,4304,0.191
Duke,19,12,121,1650,649,4527,0.221,1566,1874,115,22,496,270,1598,695,4456,0.203
ETSU,19,12,114,1479,565,4129,0.221,1392,1761,135,50,453,276.5,1382,666,4102,0.175
McNeese,19,13,123,1502,548,4377,0.218,1409,1971,160,49,419,258.5,1549,725,4540,0.181
North Dakota St.,19,9,100,1239,561,3920,0.173,1164,1902,158,83,280,223,1239,618,4008,0.155
Texas Tech,19,15,125,1660,677,4615,0.213,1557,1952,120,55,385,247.5,1646,653,4547,0.218
UNC Greensboro,19,12,122,1596,693,4644,0.194,1489,2074,118,60,355,237.5,1483,661,4515,0.182
Alabama,18,14,121,1461,666,4372,0.182,1361,1875,150,103,358,282,1586,692,4384,0.204
Army West Point,18,12,108,1544,562,3859,0.254,1419,1654,142,53,271,188.5,1246,507,3694,0.2
Colgate,18,11,105,1430,569,3869,0.223,1338,1696,140,65,282,206,1212,566,3742,0.173
Fla. Atlantic,18,9,99,1491,564,3655,0.254,1426,1573,127,38,276,176,1177,468,3404,0.208
Florida St.,18,11,109,1441,510,3943,0.236,1359,1771,80,48,486,291,1592,656,4327,0.216
Hofstra,18,14,125,1620,641,4415,0.222,1520,1785,208,36,534,303,1423,686,4188,0.176
Idaho,18,11,101,1362,385,3630,0.269,1267,1553,125,41,432,257,1390,603,3806,0.207
Iowa,18,15,115,1518,601,3915,0.234,1415,1687,99,46,402,247,1480,592,4047,0.219
Jacksonville,18,10,109,1425,611,4071,0.2,1332,1846,111,73,277,211.5,1381,618,4113,0.186
Lehigh,18,13,111,1472,627,3951,0.214,1358,1599,134,71,320,231,1298,610,3801,0.181
Maryland,18,14,113,1451,603,3714,0.228,1342,1364,155,67,342,238,1359,542,3463,0.236
Niagara,18,10,105,1255,560,4034,0.172,1182,1846,149,44,282,185,1335,644,4091,0.169
Oregon,18,12,113,1528,513,3866,0.263,1424,1566,140,34,494,281,1441,623,3923,0.209
Princeton,18,8,93,1303,468,3419,0.244,1215,1460,100,38,291,183.5,1179,497,3376,0.202
Stony Brook,18,13,118,1507,562,4329,0.218,1427,2016,148,64,330,229,1523,630,4448,0.201
Villanova,18,12,108,1443,533,3855,0.236,1354,1654,151,44,218,153,1373,542,3855,0.216
Washington St.,18,16,126,1552,657,4305,0.208,1425,1780,116,53,623,364.5,1667,775,4569,0.195
Western Mich.,18,13,123,1671,707,4560,0.211,1523,1967,140,95,288,239,1447,653,4355,0.182
Winthrop,18,14,121,1513,660,4312,0.198,1396,1818,181,45,313,201.5,1446,637,4207,0.192
Boise St.,17,14,110,1528,594,4054,0.23,1437,1631,138,47,380,237,1363,582,3907,0.2
Bowling Green,17,12,116,1431,580,4599,0.185,1324,2170,146,58,441,278.5,1495,723,4702,0.164
Green Bay,17,16,125,1717,707,4600,0.22,1632,1964,104,35,413,241.5,1604,637,4462,0.217
Northeastern,17,13,113,1492,704,4205,0.187,1387,1866,154,38,387,231.5,1310,598,4034,0.176
Oakland,17,12,114,1504,580,3965,0.233,1420,1825,126,51,522,312,1463,653,4256,0.19
Ohio,17,15,122,1528,755,4531,0.171,1437,1940,183,68,336,236,1466,627,4319,0.194
Pacific,17,14,117,1536,652,4009,0.221,1446,1644,158,29,431,244.5,1336,566,3810,0.202
Providence,17,16,116,1445,616,4024,0.206,1361,1598,164,40,306,193,1449,614,3915,0.213
Rider,17,15,120,1410,559,4171,0.204,1319,1905,156,46,355,223.5,1481,683,4449,0.179
San Jose St.,17,12,111,1495,640,3791,0.226,1397,1460,159,28,371,213.5,1291,544,3580,0.209
South Alabama,17,10,100,1166,488,3367,0.201,1057,1454,123,78,360,258,1259,658,3665,0.164
South Dakota,17,11,105,1368,548,3998,0.205,1280,1888,119,40,238,159,1339,554,4024,0.195
UIC,17,13,122,1603,711,4468,0.2,1530,1896,162,11,405,213.5,1517,618,4309,0.209
UTRGV,17,12,112,1435,561,3950,0.221,1343,1706,119,31,423,242.5,1372,653,4064,0.177
Valparaiso,17,16,117,1515,594,4870,0.189,1432,2343,143,70,368,254,1591,732,4934,0.174
Wyoming,17,14,115,1482,575,3943,0.23,1385,1539,129,41,508,295,1506,740,4066,0.188
Eastern Mich.,16,18,130,1659,748,4831,0.189,1558,2197,156,53,534,320,1647,785,4925,0.175
Elon,16,16,121,1564,776,4573,0.172,1475,1972,148,31,335,198.5,1472,566,4294,0.211
Grambling,16,23,149,1543,921,4974,0.125,1425,2114,206,58,507,311.5,1653,853,4956,0.161
Howard,16,16,117,1514,618,4005,0.224,1396,1692,142,43,366,226,1341,652,3930,0.175
Iona,16,18,133,1568,771,4431,0.18,1480,1696,212,58,370,243,1493,652,4131,0.204
IUPUI,16,15,124,1493,575,4630,0.198,1385,2079,138,58,492,304,1731,730,4912,0.204
Lipscomb,16,13,104,1492,675,3807,0.215,1419,1483,131,44,316,202,1192,498,3372,0.206
Loyola Marymount,16,13,108,1439,642,3593,0.222,1361,1397,202,30,377,218.5,1302,518,3440,0.228
New Mexico,16,16,114,1431,608,3981,0.207,1331,1650,95,49,378,238,1510,661,4121,0.206
Pepperdine,16,15,118,1586,589,4488,0.222,1493,1937,168,56,514,313,1545,689,4555,0.188
San Diego St.,16,15,117,1596,737,4033,0.213,1463,1598,107,34,440,254,1385,593,3871,0.205
Seton Hall,16,15,119,1513,624,4229,0.21,1414,1772,105,52,372,238,1636,618,4346,0.234
Texas Southern,16,13,104,1232,601,3627,0.174,1150,1519,140,34,416,242,1214,651,3714,0.152
UC Davis,16,14,113,1464,621,3974,0.212,1384,1674,147,55,364,237,1357,565,3873,0.204
Utah St.,16,14,108,1343,560,3778,0.207,1291,1592,152,31,437,249.5,1437,635,3897,0.206
Yale,16,8,85,1145,443,3122,0.225,1063,1356,107,44,312,200,1112,515,3217,0.186
A&M-Corpus Christi,15,14,107,1425,534,3885,0.229,1338,1741,135,44,226,157,1389,516,3854,0.227
Auburn,15,12,102,1395,577,3923,0.209,1308,1645,131,34,224,146,1257,503,3599,0.21
Buffalo,15,13,106,1363,562,3620,0.221,1292,1563,151,67,254,194,1305,546,3636,0.209
Central Mich.,15,14,110,1394,619,3923,0.198,1312,1623,124,68,284,210,1413,561,3784,0.225
Eastern Ill.,15,15,113,1474,607,4368,0.198,1362,1821,150,34,443,255.5,1485,637,4278,0.198
Florida A&M,15,12,99,1208,530,3483,0.195,1103,1495,145,52,274,189,1165,581,3447,0.169
Marist,15,16,117,1339,649,3982,0.173,1274,1595,156,49,386,242,1407,662,3940,0.189
Northwestern St.,15,17,121,1447,667,4368,0.179,1349,1930,197,43,345,215.5,1408,649,4240,0.179
Ohio St.,15,16,111,1525,561,3929,0.245,1417,1640,107,53,344,225,1438,544,3879,0.23
Oral Roberts,15,14,106,1432,588,3630,0.233,1352,1433,137,23,297,171.5,1292,476,3459,0.236
Portland,15,15,114,1458,572,4184,0.212,1359,1746,176,33,318,192,1439,570,3983,0.218
Santa Clara,15,15,116,1514,662,4170,0.204,1426,1853,126,47,394,244,1453,597,4188,0.204
St. John's (NY),15,18,119,1508,616,4180,0.213,1435,1763,142,82,434,299,1657,651,4360,0.231
TCU,15,17,113,1497,691,4143,0.195,1407,1642,113,35,403,236.5,1469,563,3899,0.232
Tulsa,15,17,125,1549,682,4794,0.181,1458,2229,121,54,350,229,1596,703,4836,0.185
Utah Valley,15,16,116,1450,538,4079,0.224,1328,1688,114,43,605,345.5,1658,735,4468,0.207
Air Force,14,18,126,1511,800,4043,0.176,1424,1504,170,61,456,289,1443,677,3884,0.197
Alabama A&M,14,20,113,1230,599,3650,0.173,1145,1620,149,83,335,250.5,1437,686,3967,0.189
Belmont,14,15,113,1372,658,3879,0.184,1265,1544,167,26,353,202.5,1198,570,3611,0.174
Bucknell,14,14,106,1227,570,3619,0.182,1130,1551,143,56,401,256.5,1422,612,3880,0.209
Gonzaga,14,16,117,1392,651,3960,0.187,1323,1644,118,48,360,228,1508,580,3992,0.232
La Salle,14,16,118,1504,651,4176,0.204,1402,1757,169,55,212,161,1397,539,3956,0.217
Morehead St.,14,15,103,1324,595,3519,0.207,1248,1404,152,33,386,226,1238,552,3453,0.199
N.C. A&T,14,14,98,1048,561,3023,0.161,951,1190,171,65,280,205,1055,565,3026,0.162
North Carolina,14,14,106,1240,524,3508,0.204,1162,1417,108,20,557,298.5,1401,641,3748,0.203
Northern Colo.,14,16,107,1412,617,3941,0.202,1309,1681,127,83,254,210,1271,565,3795,0.186
Northwestern,14,18,108,1404,538,3503,0.247,1330,1295,162,39,347,212.5,1335,485,3326,0.256
Robert Morris,14,17,119,1435,624,4248,0.191,1320,1892,209,30,365,212.5,1503,633,4329,0.201
Sam Houston St.,14,16,108,1395,638,4004,0.189,1283,1728,123,30,401,230.5,1352,616,4032,0.183
Tulane,14,19,128,1635,739,4664,0.192,1576,1971,174,46,370,231,1572,627,4420,0.214
UMBC,14,12,91,1084,483,3232,0.186,1021,1385,110,29,358,208,1163,560,3343,0.18
Abilene Christian,13,18,117,1389,666,4250,0.17,1289,1756,137,40,481,280.5,1572,689,4314,0.205
Ark.-Pine Bluff,13,20,111,1186,639,3685,0.148,1108,1479,157,50,251,175.5,1360,546,3657,0.223
California,13,18,107,1338,544,3513,0.226,1256,1424,118,58,222,169,1383,503,3521,0.25
Chattanooga,13,18,118,1469,693,4489,0.173,1402,1983,140,41,349,215.5,1453,636,4311,0.19
Cincinnati,13,19,118,1479,705,4439,0.174,1386,1889,114,61,402,262,1507,658,4331,0.196
CSUN,13,15,106,1357,582,3500,0.221,1239,1413,164,66,261,196.5,1270,511,3461,0.219
Duquesne,13,16,108,1349,596,3792,0.199,1290,1685,129,37,252,163,1370,558,3903,0.208
Eastern Ky.,13,19,126,1490,746,4479,0.166,1377,1800,125,60,331,225.5,1606,695,4398,0.207
Georgia Tech,13,18,113,1436,578,3880,0.221,1369,1587,98,54,315,211.5,1560,599,3996,0.24
Hampton,13,17,106,1181,661,3253,0.16,1102,1237,133,48,325,210.5,1170,541,3158,0.199
Harvard,13,10,91,1153,413,3010,0.246,1078,1269,109,41,246,164,1189,465,3136,0.231
New Hampshire,13,14,102,1231,552,3617,0.188,1159,1533,170,48,206,151,1239,532,3497,0.202
North Florida,13,19,115,1418,656,4101,0.186,1344,1743,139,60,392,256,1429,593,4051,0.206
Northern Ariz.,13,15,104,1314,448,3898,0.222,1229,1728,158,39,358,218,1434,560,3981,0.22
Saint Louis,13,15,105,1377,643,3534,0.208,1289,1358,170,20,284,162,1176,478,3217,0.217
Samford,13,18,124,1533,691,4397,0.191,1465,1887,158,40,312,196,1516,632,4278,0.207
UNC Asheville,13,15,102,1184,493,3394,0.204,1077,1413,167,43,187,136.5,1279,519,3470,0.219
UT Arlington,13,17,113,1406,641,3842,0.199,1303,1655,121,34,258,163,1334,552,3821,0.205
Wake Forest,13,19,117,1427,737,3996,0.173,1334,1521,120,81,392,277,1410,643,3848,0.199
Xavier,13,19,120,1511,651,4458,0.193,1412,1933,111,72,399,271.5,1633,673,4532,0.212
Appalachian St.,12,20,134,1675,802,4947,0.176,1580,2076,126,61,305,213.5,1773,666,4789,0.231
Bethune-Cookman,12,14,97,1211,506,3506,0.201,1147,1598,85,66,323,227.5,1283,588,3684,0.189
Binghamton,12,15,102,1322,584,3718,0.198,1221,1565,137,40,229,154.5,1246,494,3537,0.213
Cornell,12,11,88,1192,523,3583,0.187,1119,1560,115,34,312,190,1101,471,3331,0.189
Fordham,12,15,98,1174,551,3251,0.192,1109,1348,192,19,228,133,1103,448,3113,0.21
Fresno St.,12,18,113,1316,615,3649,0.192,1247,1423,143,81,461,311.5,1493,653,3826,0.22
Houston,12,16,108,1396,635,4212,0.181,1307,1855,167,66,297,214.5,1326,545,4000,0.195
Indiana,12,20,112,1415,608,3648,0.221,1322,1413,144,45,286,188,1414,474,3484,0.27
Liberty,12,19,117,1433,643,4132,0.191,1344,1827,98,49,404,251,1568,647,4381,0.21
Milwaukee,12,18,112,1534,666,4068,0.213,1453,1645,123,60,335,227.5,1466,541,3899,0.237
New Orleans,12,16,110,1316,583,3678,0.199,1237,1466,149,55,338,224,1338,518,3615,0.227
NJIT,12,19,114,1353,665,3950,0.174,1245,1590,176,27,335,194.5,1322,546,3738,0.208
Northern Ky.,12,15,103,1339,597,4119,0.18,1261,1846,120,18,354,195,1415,591,4070,0.202
Penn,12,11,93,1155,469,3187,0.215,1051,1355,101,26,269,160.5,1197,496,3278,0.214
Purdue Fort Wayne,12,19,118,1544,688,4494,0.19,1467,1954,115,55,319,214.5,1492,629,4331,0.199
Rhode Island,12,16,107,1180,597,3653,0.16,1093,1494,155,25,431,240.5,1289,627,3641,0.182
Sacred Heart,12,15,112,1445,772,3915,0.172,1328,1554,158,28,353,204.5,1187,544,3511,0.183
Saint Francis (PA),12,15,97,1208,526,3783,0.18,1133,1757,108,34,264,166,1264,518,3762,0.198
South Carolina,12,18,116,1419,562,3751,0.228,1335,1541,140,70,365,252.5,1490,625,3907,0.221
South Fla.,12,18,108,1364,586,3943,0.197,1307,1806,131,59,319,218.5,1475,551,4065,0.227
Tennessee,12,15,104,1282,480,3714,0.216,1190,1616,93,38,475,275.5,1410,635,3967,0.195
Toledo,12,16,113,1359,599,4098,0.185,1279,1950,147,70,342,241,1424,632,4228,0.187
UTSA,12,16,114,1455,633,4154,0.198,1360,1695,161,40,339,209.5,1465,560,3989,0.227
Albany (NY),11,15,89,1053,509,3260,0.167,970,1445,84,40,250,165,1177,466,3306,0.215
Arizona,11,18,109,1363,608,3706,0.204,1260,1502,104,59,389,253.5,1361,547,3637,0.224
George Washington,11,21,120,1400,685,4079,0.175,1273,1762,135,34,400,234,1496,630,4147,0.209
Idaho St.,11,19,113,1358,598,3973,0.191,1280,1629,153,45,345,217.5,1455,538,3891,0.236
Indiana St.,11,21,120,1484,613,4426,0.197,1382,1973,113,44,340,214,1715,603,4594,0.242
Marshall,11,19,109,1383,623,3767,0.202,1264,1545,134,77,321,237.5,1352,571,3672,0.213
Seattle U,11,17,104,1253,553,3517,0.199,1185,1432,122,33,394,230,1318,521,3491,0.228
Southeast Mo. St.,11,20,118,1362,581,3929,0.199,1268,1708,146,62,415,269.5,1566,658,4220,0.215
Troy,11,22,126,1610,831,4319,0.18,1502,1548,167,60,323,221.5,1421,562,3796,0.226
UAB,11,19,115,1448,633,4007,0.203,1343,1608,151,66,352,242,1411,594,3924,0.208
UConn,11,21,119,1514,730,4284,0.183,1432,1726,137,47,285,189.5,1406,562,3962,0.213
UNCW,11,17,105,1244,510,3993,0.184,1133,1578,126,36,401,236.5,1468,623,4023,0.21
UT Martin,11,18,110,1353,687,3975,0.168,1243,1673,115,46,402,247,1388,615,3971,0.195
Western Caro.,11,19,110,1326,541,4161,0.189,1225,1766,115,63,338,232,1571,662,4297,0.212
Wright St.,11,18,112,1415,646,4254,0.181,1337,1893,133,22,430,237,1494,591,4257,0.212
Arizona St.,10,22,117,1527,653,4162,0.21,1454,1900,86,103,254,230,1616,575,4348,0.239
Bradley,10,22,122,1613,700,4824,0.189,1524,2222,110,41,344,213,1651,639,4756,0.213
Canisius,10,18,100,1175,592,3465,0.168,1063,1450,155,28,315,185.5,1215,537,3473,0.195
Chicago St.,10,21,115,1475,806,4423,0.151,1400,1775,124,31,277,169.5,1524,519,4058,0.248
Columbia,10,13,91,1072,449,3049,0.204,993,1312,157,34,312,190,1158,476,3170,0.215
Dartmouth,10,13,85,922,465,2854,0.16,827,1197,76,47,326,210,1095,519,3012,0.191
Davidson,10,17,109,1259,542,3727,0.192,1189,1595,152,63,308,217,1391,565,3797,0.218
Evansville,10,20,114,1308,680,4247,0.148,1202,1889,137,31,363,212.5,1487,619,4279,0.203
Georgia St.,10,19,117,1328,656,4144,0.162,1240,1727,153,56,311,211.5,1461,589,4019,0.217
Kansas St.,10,19,116,1442,570,4106,0.212,1345,1705,137,33,428,247,1565,615,4151,0.229
Long Beach St.,10,19,108,1246,522,3647,0.199,1152,1451,136,49,408,253,1458,577,3746,0.235
Loyola Maryland,10,19,105,1254,595,3666,0.18,1158,1469,107,49,299,198.5,1346,535,3614,0.224
Memphis,10,22,118,1419,690,4311,0.169,1345,1825,130,32,434,249,1543,620,4275,0.216
Mercer,10,21,118,1436,567,4114,0.211,1346,1698,152,36,288,180,1492,593,4060,0.221
Mississippi St.,10,23,115,1296,699,3841,0.155,1220,1377,147,67,250,192,1470,532,3547,0.264
Montana St.,10,15,98,1191,595,3596,0.166,1129,1420,122,18,350,193,1288,513,3463,0.224
Nevada,10,20,109,1385,689,4007,0.174,1288,1579,146,47,359,226.5,1464,595,3861,0.225
Omaha,10,18,104,1334,586,4018,0.186,1229,1754,146,55,340,225,1303,539,3855,0.198
Quinnipiac,10,22,120,1433,732,4160,0.169,1340,1579,191,27,336,195,1474,576,3901,0.23
Texas A&M,10,15,88,1085,507,3000,0.193,1016,1237,113,53,310,208,1091,473,3012,0.205
UC Riverside,10,18,103,1299,607,3819,0.181,1242,1679,79,49,271,184.5,1336,533,3784,0.212
Virginia Tech,10,21,115,1440,667,3803,0.203,1350,1545,115,35,322,196,1487,568,3817,0.241
Little Rock,9,19,112,1349,570,4008,0.194,1207,1663,123,75,366,258,1444,634,4039,0.201
Saint Mary's (CA),9,19,107,1304,536,3701,0.208,1226,1460,157,50,433,266.5,1480,609,3803,0.229
UMKC,9,19,97,1173,620,3570,0.155,1092,1515,101,53,316,211,1268,534,3588,0.205
Weber St.,9,20,110,1341,540,3964,0.202,1256,1718,104,72,437,290.5,1574,632,4219,0.223
Charleston So.,8,22,111,1206,587,4125,0.15,1105,1790,124,61,318,220,1478,622,4197,0.204
DePaul,8,22,110,1343,629,3924,0.182,1249,1576,148,40,303,191.5,1473,525,3833,0.247
Ga. Southern,8,21,106,1188,547,3445,0.186,1126,1428,130,53,362,234,1436,608,3712,0.223
Georgetown,8,22,120,1440,615,3897,0.212,1335,1506,148,27,306,180,1460,516,3763,0.251
Grand Canyon,8,18,100,1230,552,3683,0.184,1164,1626,130,35,326,198,1320,531,3702,0.213
Incarnate Word,8,15,89,1017,480,3012,0.178,959,1275,102,63,268,197,1076,463,3014,0.203
Jackson St.,8,26,125,1256,773,4071,0.119,1165,1614,136,41,296,189,1517,672,4080,0.207
Mississippi Val.,8,26,117,1039,700,4123,0.082,970,1904,135,24,178,113,1477,635,4230,0.199
Montana,8,21,107,1303,672,3852,0.164,1231,1601,116,49,327,212.5,1427,549,3871,0.227
Morgan St.,8,18,98,1052,576,3217,0.148,982,1303,116,36,186,129,1182,515,3192,0.209
Northern Ill.,8,23,113,1258,642,4032,0.153,1179,1588,100,44,323,205.5,1641,610,4142,0.249
Prairie View,8,19,96,1097,689,3360,0.121,1038,1440,92,26,237,144.5,1109,518,3286,0.18
Presbyterian,8,23,120,1383,624,4446,0.171,1267,1922,166,49,230,164,1645,652,4472,0.222
Southern U.,8,21,108,1076,646,3465,0.124,981,1479,126,41,375,228.5,1326,639,3728,0.184
St. Francis Brooklyn,8,21,100,1142,577,3234,0.175,1068,1295,131,28,324,190,1259,481,3241,0.24
The Citadel,8,26,128,1483,754,4518,0.161,1289,1846,173,30,387,223.5,1619,622,4411,0.226
UC Santa Barbara,8,20,103,1307,581,3715,0.195,1231,1623,143,47,348,221,1379,494,3744,0.236
UNLV,8,23,121,1306,672,4141,0.153,1204,1596,136,61,446,284,1632,696,4233,0.221
USC Upstate,8,21,109,1259,585,4172,0.162,1153,1772,99,45,250,170,1571,595,4215,0.232
Western Ill.,8,20,106,1158,519,3777,0.169,1083,1706,117,46,364,228,1475,588,4026,0.22
Youngstown St.,8,22,106,1227,582,3910,0.165,1139,1552,147,43,322,204,1440,547,3801,0.235
Boston College,7,23,111,1326,629,3874,0.18,1256,1545,134,44,336,212,1461,556,3864,0.234
Brown,7,18,94,1100,553,3422,0.16,1025,1376,138,33,332,199,1156,489,3242,0.206
Clemson,7,25,107,1171,705,3432,0.136,1090,1204,118,51,307,204.5,1353,528,3310,0.249
Eastern Wash.,7,18,96,1175,639,3677,0.146,1115,1580,101,45,190,140,1192,425,3427,0.224
Gardner-Webb,7,22,111,1211,688,3822,0.137,1152,1578,117,58,352,234,1333,614,3817,0.188
Louisiana Tech,7,21,105,1216,581,3703,0.171,1132,1527,99,41,306,194,1419,577,3752,0.224
Middle Tenn.,7,23,104,1127,606,3076,0.169,1055,1039,171,36,238,155,1209,397,2801,0.29
Oklahoma,7,22,107,1323,679,3685,0.175,1255,1504,88,35,315,192.5,1453,506,3705,0.256
Siena,7,22,101,1023,572,3149,0.143,943,1241,165,20,230,135,1239,475,3165,0.241
Southern Utah,7,21,110,1218,568,3836,0.169,1152,1527,103,30,428,244,1552,637,4001,0.229
Tennessee St.,7,23,112,1268,644,3892,0.16,1188,1722,120,46,250,171,1473,544,4043,0.23
Virginia,7,24,113,1401,676,3955,0.183,1324,1559,115,43,319,202.5,1506,493,3793,0.267
Akron,6,22,103,1233,573,3579,0.184,1140,1314,148,60,260,190,1356,503,3566,0.239
FIU,6,16,80,952,409,2823,0.192,883,1194,104,30,284,172,1091,440,2984,0.218
George Mason,6,21,94,1064,581,3294,0.147,987,1323,90,17,246,140,1271,411,3238,0.266
Hartford,6,20,92,981,525,2979,0.153,900,1128,137,52,292,198,1192,508,3059,0.224
Southern Ill.,6,23,109,1305,572,3929,0.187,1221,1780,107,45,309,199.5,1514,505,4026,0.251
UTEP,6,22,105,1174,612,3529,0.159,1084,1300,126,37,298,186,1360,523,3470,0.241
Cal St. Fullerton,5,24,104,1083,577,3595,0.141,1005,1587,117,46,252,172,1423,527,3778,0.237
Delaware,5,21,96,1022,559,3200,0.145,974,1252,85,19,263,150.5,1210,452,3107,0.244
Fairleigh Dickinson,5,24,98,1010,513,3646,0.136,930,1700,110,38,276,176,1473,568,3982,0.227
Holy Cross,5,24,102,1159,595,3782,0.149,1064,1711,139,32,247,155.5,1347,535,3847,0.211
Kent St.,5,22,94,1113,578,3681,0.145,1060,1759,82,45,212,151,1293,497,3792,0.21
La.-Monroe,5,28,114,1211,646,3878,0.146,1111,1616,143,39,304,191,1474,550,3895,0.237
Lafayette,5,24,97,953,557,3317,0.119,900,1331,130,39,176,127,1315,478,3317,0.252
Loyola Chicago,5,24,104,1141,639,3558,0.141,1081,1436,119,35,284,177,1315,480,3448,0.242
Rutgers,5,27,107,1038,590,3156,0.142,981,1102,121,22,332,188,1401,459,3115,0.302
UMass Lowell,5,21,90,1022,613,3144,0.13,969,1247,121,28,244,150,1091,452,2993,0.213
William & Mary,5,25,114,1334,652,3841,0.178,1264,1647,95,37,320,197,1544,557,3986,0.248
Coppin St.,4,26,101,947,612,3271,0.102,880,1324,119,33,166,116,1230,455,3157,0.245
Lamar University,4,22,91,1072,556,3187,0.162,1020,1275,97,25,265,157.5,1179,456,3119,0.232
N.C. Central,4,20,84,811,476,2785,0.12,734,1159,82,38,198,137,1103,442,2888,0.229
Nicholls St.,4,25,101,1051,567,3544,0.137,1002,1548,123,45,176,133,1320,473,3503,0.242
Savannah St.,4,24,97,847,561,2776,0.103,779,945,120,39,188,133,1215,439,2762,0.281
Tennessee Tech,4,24,97,1091,559,3573,0.149,995,1559,96,41,194,138,1361,505,3666,0.233
Delaware St.,3,25,97,839,597,2928,0.083,779,1173,113,22,214,129,1298,419,3053,0.288
Norfolk St.,3,23,96,935,615,2944,0.109,873,1115,124,35,198,134,1071,450,2814,0.221
San Francisco,3,28,106,1086,568,3556,0.146,1013,1357,106,67,263,198.5,1514,519,3645,0.273
Southeastern La.,3,27,103,1110,619,3511,0.14,1034,1389,104,26,247,149.5,1391,478,3493,0.261
Stetson,3,23,98,1026,505,3480,0.15,956,1552,112,61,298,210,1429,549,3793,0.232
Alcorn,2,39,136,1118,907,4218,0.05,1017,1601,157,35,196,133,1492,545,3881,0.244
Manhattan,2,29,106,1049,533,3330,0.155,982,1420,128,32,266,165,1433,543,3648,0.244
South Dakota St.,2,25,89,923,525,3055,0.13,867,1203,88,41,198,140,1270,438,3102,0.268
South Carolina St.,1,26,89,782,557,2654,0.085,729,1013,116,33,178,122,1142,401,2697,0.275
Saint Peter's,0,30,96,753,517,3101,0.076,698,1326,121,26,207,129.5,1358,490,3374,0.257